customer_id,loan_amount,loan_purpose,transaction_count,spending_ratio
CUST00001,25700.13,Car,26,19.0994
CUST00002,19264.58,Business,2,27.1723
CUST00003,23983.44,Education,28,41.93
CUST00004,58439.1,Car,48,44.8451
CUST00005,63903.19,Education,10,46.2541
CUST00006,13086.02,Education,39,17.2556
CUST00007,17727.11,Home,37,17.6691
CUST00008,20571.9,Car,39,31.2673
CUST00009,34501.93,Car,21,42.1541
CUST00010,9447.24,Car,28,27.3012
CUST00011,17977.47,Business,38,46.7115
CUST00012,11986.48,Education,33,55.4512
CUST00013,50030.38,Other,11,5.9051
CUST00014,35463.53,Car,45,51.5232
CUST00015,25083.41,Car,44,49.2501
CUST00016,15512.14,Business,1,23.4195
CUST00017,25395.39,Education,47,11.758
CUST00018,23115.21,Education,33,43.4453
CUST00019,134286.82,Home,3,26.527
CUST00020,80629.17,Car,26,29.4651
CUST00021,20898.52,Car,15,14.7058
CUST00022,41446.4,Other,41,15.9827
CUST00023,77293.64,Car,14,28.5606
CUST00024,20893.4,Other,23,39.9519
CUST00025,11687.92,Business,8,17.9326
CUST00026,8625.8,Car,36,50.8936
CUST00027,100490.0,Education,20,40.0606
CUST00028,31168.09,Business,6,41.2828
CUST00029,45846.78,Other,33,67.4944
CUST00030,22939.37,Home,28,13.8483
CUST00031,13169.79,Car,38,41.4608
CUST00032,15290.08,Car,30,58.1683
CUST00033,12421.35,Home,46,19.7094
CUST00034,71682.04,Education,43,22.9787
CUST00035,119856.31,Other,17,43.9052
CUST00036,37413.81,Car,9,39.3227
CUST00037,10783.37,Business,28,9.8974
CUST00038,54028.52,Education,7,32.3814
CUST00039,99906.27,Car,46,4.5469
CUST00040,79010.29,Home,28,45.7114
CUST00041,35478.96,Business,17,17.9979
CUST00042,30104.03,Other,40,42.4395
CUST00043,35251.63,Business,48,12.9775
CUST00044,96780.34,Home,44,26.7224
CUST00045,66722.16,Home,44,10.4689
CUST00046,26672.66,Home,5,12.9849
CUST00047,26141.2,Education,5,12.133
CUST00048,24702.11,Business,14,14.8481
CUST00049,15495.33,Home,6,45.462
CUST00050,107094.89,Business,7,23.3463
CUST00051,19336.33,Education,17,28.6624
CUST00052,53756.55,Business,9,22.8475
CUST00053,21393.83,Other,31,5.5465
CUST00054,24790.63,Home,22,38.0569
CUST00055,33153.23,Other,45,53.1261
CUST00056,56173.14,Home,9,17.8113
CUST00057,29514.03,Car,16,6.0374
CUST00058,14597.94,Other,36,16.5094
CUST00059,36874.11,Other,34,30.4235
CUST00060,19666.32,Education,45,8.517
CUST00061,124875.27,Education,13,46.8093
CUST00062,29497.02,Business,19,15.9236
CUST00063,177847.29,Business,12,6.5399
CUST00064,176282.07,Home,36,7.3266
CUST00065,65585.62,Business,10,30.3131
CUST00066,17722.33,Education,16,22.5593
CUST00067,19288.59,Education,28,19.7267
CUST00068,53068.9,Car,19,39.7301
CUST00069,37600.82,Education,40,34.5073
CUST00070,74023.69,Other,6,32.4532
CUST00071,21372.47,Education,4,24.6449
CUST00072,63632.99,Other,30,44.7421
CUST00073,6059.42,Home,39,14.0239
CUST00074,32094.71,Business,31,18.2313
CUST00075,22164.71,Business,46,60.6815
CUST00076,25234.38,Business,27,17.5749
CUST00077,33446.43,Education,45,60.6744
CUST00078,90291.89,Education,21,6.7291
CUST00079,14425.72,Other,37,21.6059
CUST00080,6307.95,Business,9,54.4502
CUST00081,15828.34,Home,35,21.0746
CUST00082,82285.38,Business,42,42.839
CUST00083,9740.1,Car,47,40.4588
CUST00084,22981.43,Car,21,14.3225
CUST00085,71087.15,Other,17,4.2961
CUST00086,34657.07,Car,24,21.9685
CUST00087,89586.99,Business,31,36.4267
CUST00088,7130.12,Car,6,23.8234
CUST00089,28077.19,Home,35,21.7927
CUST00090,105846.13,Education,37,3.9906
CUST00091,14742.57,Home,13,30.358
CUST00092,83103.98,Business,25,30.9266
CUST00093,30074.94,Car,32,71.7651
CUST00094,51395.38,Car,1,43.9637
CUST00095,99880.08,Home,49,22.9546
CUST00096,51219.16,Car,35,8.8909
CUST00097,22629.29,Business,19,23.1334
CUST00098,56934.13,Home,12,34.2006
CUST00099,21387.46,Education,40,25.3388
CUST00100,45192.82,Other,40,38.6019
CUST00101,13340.04,Business,47,39.5938
CUST00102,37170.69,Business,43,35.5652
CUST00103,94036.14,Home,20,20.0006
CUST00104,28594.92,Car,33,36.3851
CUST00105,87112.21,Other,29,45.7316
CUST00106,431379.56,Business,16,27.0867
CUST00107,35484.18,Education,14,4.5726
CUST00108,59358.69,Business,7,7.9738
CUST00109,53182.79,Car,6,40.5458
CUST00110,43481.16,Home,21,21.0093
CUST00111,68207.98,Business,36,67.325
CUST00112,29777.97,Business,22,8.4013
CUST00113,21374.73,Education,40,27.4822
CUST00114,10710.09,Other,19,4.0708
CUST00115,27606.13,Car,25,12.2493
CUST00116,688377.63,Car,3,39.1022
CUST00117,17122.73,Other,36,48.6043
CUST00118,44238.13,Business,45,14.3488
CUST00119,32909.35,Education,34,42.0502
CUST00120,22102.05,Home,11,44.7291
CUST00121,8246.69,Home,48,12.3286
CUST00122,108042.91,Business,42,26.4554
CUST00123,54926.57,Car,47,64.0309
CUST00124,306272.42,Business,27,21.4737
CUST00125,86122.88,Other,42,18.9744
CUST00126,106131.61,Business,2,30.4747
CUST00127,8959.92,Car,6,8.3218
CUST00128,8835.49,Business,46,13.1467
CUST00129,37565.81,Car,2,42.983
CUST00130,14494.26,Home,42,46.94
CUST00131,21056.63,Home,17,52.5014
CUST00132,274035.06,Car,40,23.8697
CUST00133,94080.02,Other,48,23.2902
CUST00134,17179.56,Home,14,36.1721
CUST00135,5470.38,Home,10,30.9247
CUST00136,16059.41,Other,45,43.2939
CUST00137,23254.28,Home,33,29.8686
CUST00138,28084.95,Business,42,29.7354
CUST00139,13052.87,Car,12,12.8606
CUST00140,89669.01,Home,32,8.8985
CUST00141,20554.42,Other,49,34.879
CUST00142,61014.21,Home,24,21.8959
CUST00143,37915.3,Education,14,9.5086
CUST00144,76940.04,Car,5,36.994
CUST00145,30021.34,Home,5,59.4473
CUST00146,17326.82,Home,47,15.8089
CUST00147,22496.84,Home,32,24.9431
CUST00148,22752.08,Home,45,17.2679
CUST00149,189404.54,Business,49,20.5385
CUST00150,38607.59,Education,33,23.6181
CUST00151,36450.35,Car,46,18.028
CUST00152,73542.68,Car,4,33.7747
CUST00153,36313.47,Other,30,5.5158
CUST00154,89084.54,Other,41,32.81
CUST00155,26966.15,Business,17,18.0182
CUST00156,24861.81,Other,3,13.5116
CUST00157,16577.16,Car,13,18.4
CUST00158,159538.07,Car,44,54.9698
CUST00159,34342.54,Education,48,33.2014
CUST00160,14196.72,Education,36,41.9609
CUST00161,42508.6,Education,18,12.4596
CUST00162,21589.38,Car,23,13.5797
CUST00163,26590.76,Other,35,45.2676
CUST00164,46564.92,Business,49,35.3595
CUST00165,122612.98,Car,33,17.5431
CUST00166,39390.04,Business,36,5.3564
CUST00167,20561.4,Car,17,29.9724
CUST00168,24247.48,Home,39,25.0898
CUST00169,61399.55,Car,34,20.5747
CUST00170,7580.45,Car,12,21.3446
CUST00171,15769.83,Home,5,52.2812
CUST00172,43049.97,Business,48,32.673
CUST00173,9271.17,Car,40,18.2867
CUST00174,28282.14,Education,27,20.5405
CUST00175,24769.99,Home,40,63.7415
CUST00176,73273.83,Home,13,43.6524
CUST00177,29725.9,Other,26,30.4551
CUST00178,93840.62,Education,14,34.1996
CUST00179,38680.79,Other,32,54.6452
CUST00180,150416.13,Other,11,59.9827
CUST00181,11968.2,Car,38,43.9567
CUST00182,132415.7,Car,16,23.5496
CUST00183,26136.77,Other,22,26.0372
CUST00184,118084.97,Other,47,64.905
CUST00185,93731.33,Education,16,40.8519
CUST00186,3708.84,Business,13,9.2142
CUST00187,53280.97,Business,12,45.9311
CUST00188,80667.88,Car,18,25.1689
CUST00189,105121.72,Education,29,40.0943
CUST00190,14167.28,Business,18,11.4522
CUST00191,58236.89,Business,46,32.2771
CUST00192,42449.01,Home,2,26.6278
CUST00193,51283.65,Car,2,31.9643
CUST00194,80752.9,Home,3,17.4693
CUST00195,91616.61,Home,29,23.9872
CUST00196,21491.35,Other,8,24.7697
CUST00197,44906.39,Home,11,31.5357
CUST00198,37530.46,Home,12,39.6162
CUST00199,29986.96,Car,32,27.8134
CUST00200,32369.76,Education,4,50.8117
CUST00201,42480.05,Education,9,40.6162
CUST00202,22435.83,Home,24,22.3846
CUST00203,73602.14,Home,49,24.7897
CUST00204,100252.43,Home,16,14.7545
CUST00205,18836.26,Education,17,21.7055
CUST00206,104262.17,Car,47,22.455
CUST00207,18864.65,Other,22,45.3154
CUST00208,74475.8,Education,7,14.2945
CUST00209,104107.89,Home,10,27.685
CUST00210,33670.97,Business,29,23.2691
CUST00211,18988.75,Car,36,32.184
CUST00212,22675.8,Business,24,32.3819
CUST00213,48508.07,Car,46,25.3749
CUST00214,174856.96,Education,14,18.6107
CUST00215,9375.11,Business,14,63.7171
CUST00216,39347.73,Other,25,26.0869
CUST00217,33844.86,Car,46,65.7825
CUST00218,25204.62,Car,22,33.9417
CUST00219,34042.82,Education,47,20.1497
CUST00220,23534.97,Other,23,21.5798
CUST00221,98176.71,Other,32,10.5208
CUST00222,106297.29,Home,26,36.7161
CUST00223,38968.47,Home,27,4.6768
CUST00224,32437.94,Education,45,32.9166
CUST00225,24478.99,Home,12,14.6457
CUST00226,39035.43,Car,19,29.8495
CUST00227,159255.45,Home,19,29.7902
CUST00228,33423.44,Education,34,15.5293
CUST00229,18554.25,Other,32,19.8455
CUST00230,26417.73,Other,29,48.2318
CUST00231,66355.1,Car,21,50.4348
CUST00232,20451.48,Education,35,27.9626
CUST00233,35349.34,Other,42,38.8317
CUST00234,53013.75,Home,5,58.206
CUST00235,21731.32,Business,12,26.9988
CUST00236,8852.68,Car,7,11.468
CUST00237,15411.84,Home,41,51.298
CUST00238,18269.47,Car,2,12.2375
CUST00239,30240.52,Home,25,13.1938
CUST00240,37625.59,Business,10,39.0118
CUST00241,70189.99,Car,38,13.4576
CUST00242,13605.03,Car,44,6.7174
CUST00243,62481.73,Home,6,22.0279
CUST00244,26991.07,Other,27,11.0887
CUST00245,8704.21,Education,35,42.4904
CUST00246,36712.0,Education,10,34.2496
CUST00247,104090.3,Education,9,56.0272
CUST00248,73606.72,Car,20,34.8629
CUST00249,34165.91,Home,37,27.406
CUST00250,89376.81,Business,35,66.0417
CUST00251,42352.31,Home,37,24.8939
CUST00252,79614.46,Home,40,8.0776
CUST00253,9611.52,Business,8,40.1971
CUST00254,13363.22,Home,46,24.1076
CUST00255,65070.64,Car,31,29.0917
CUST00256,124420.97,Education,49,14.8753
CUST00257,50707.88,Car,43,18.3684
CUST00258,24394.93,Business,16,24.4735
CUST00259,18390.46,Education,28,9.8124
CUST00260,28218.92,Education,6,19.722
CUST00261,95885.46,Business,32,26.7494
CUST00262,27611.24,Car,28,41.2173
CUST00263,83969.51,Car,11,10.7039
CUST00264,61209.55,Car,42,18.5199
CUST00265,143077.35,Car,23,12.3834
CUST00266,42625.57,Other,30,27.4439
CUST00267,34902.82,Business,9,18.1982
CUST00268,87390.14,Home,28,11.5334
CUST00269,17184.96,Home,24,35.5235
CUST00270,25458.03,Home,28,39.2438
CUST00271,9471.06,Home,24,26.5406
CUST00272,13313.59,Home,15,83.7279
CUST00273,169176.45,Education,39,32.2082
CUST00274,63186.86,Other,33,12.1397
CUST00275,12130.02,Business,47,37.9562
CUST00276,94453.53,Home,34,26.5679
CUST00277,20682.47,Car,22,28.5088
CUST00278,60643.06,Education,29,48.8564
CUST00279,59922.71,Business,34,16.2971
CUST00280,598704.59,Business,42,6.5051
CUST00281,23619.22,Other,47,17.1434
CUST00282,20086.77,Education,10,28.6897
CUST00283,4224.96,Business,45,13.2425
CUST00284,32944.56,Home,30,39.0357
CUST00285,64878.0,Education,11,36.1142
CUST00286,72372.31,Home,34,13.9091
CUST00287,98905.44,Car,21,26.2474
CUST00288,45791.08,Education,13,66.9489
CUST00289,54383.98,Car,25,42.0653
CUST00290,38349.48,Home,21,23.3272
CUST00291,63956.85,Home,1,33.4995
CUST00292,17198.99,Home,5,17.6551
CUST00293,11769.05,Home,22,19.8602
CUST00294,18713.67,Home,7,80.2257
CUST00295,43083.66,Home,13,6.8404
CUST00296,12831.52,Home,45,34.9862
CUST00297,21881.67,Other,23,32.65
CUST00298,22448.17,Car,21,30.7208
CUST00299,67877.3,Home,6,30.1469
CUST00300,61579.01,Education,20,54.0633
CUST00301,38422.13,Other,12,21.2495
CUST00302,52096.44,Business,40,33.5192
CUST00303,52925.07,Car,9,1.575
CUST00304,27149.24,Education,28,14.1649
CUST00305,23529.27,Business,11,30.2187
CUST00306,124162.83,Business,32,12.4644
CUST00307,4957.7,Business,11,35.0442
CUST00308,20069.52,Other,24,35.78
CUST00309,30852.53,Other,15,34.0356
CUST00310,56838.04,Education,41,24.2236
CUST00311,90075.66,Car,35,22.7468
CUST00312,160393.47,Education,17,5.5135
CUST00313,33746.48,Business,25,29.3834
CUST00314,35603.94,Home,49,36.7243
CUST00315,48537.31,Other,35,30.0506
CUST00316,23744.43,Home,19,33.8643
CUST00317,14081.4,Education,41,5.725
CUST00318,33624.14,Other,31,41.9654
CUST00319,65926.64,Home,17,16.1021
CUST00320,29901.42,Education,23,21.7394
CUST00321,50551.52,Home,47,50.4231
CUST00322,8143.26,Car,1,32.1009
CUST00323,36854.16,Home,10,60.8012
CUST00324,26297.86,Car,8,20.7018
CUST00325,13093.89,Car,42,29.5688
CUST00326,61437.15,Other,26,31.6809
CUST00327,158977.26,Other,34,22.2005
CUST00328,80175.01,Home,19,10.1
CUST00329,84372.7,Business,14,16.1463
CUST00330,64214.33,Home,8,6.8501
CUST00331,60910.52,Home,1,17.842
CUST00332,8608.06,Home,48,17.9699
CUST00333,32782.14,Other,25,36.1702
CUST00334,54553.43,Other,24,66.1556
CUST00335,55554.72,Home,47,33.5287
CUST00336,100444.94,Home,20,11.1833
CUST00337,15900.12,Home,30,51.0026
CUST00338,59030.96,Education,5,31.184
CUST00339,15490.27,Education,3,4.7635
CUST00340,30657.74,Home,32,83.5646
CUST00341,34559.22,Business,17,32.8178
CUST00342,72406.89,Car,42,35.0854
CUST00343,65904.55,Other,5,11.9452
CUST00344,39985.19,Business,11,31.2139
CUST00345,6492.29,Car,38,40.2377
CUST00346,51837.39,Business,4,37.476
CUST00347,29315.12,Business,39,15.6212
CUST00348,110574.49,Car,19,26.2044
CUST00349,91381.18,Car,39,39.1937
CUST00350,17147.05,Other,46,26.9101
CUST00351,57857.56,Home,49,31.2258
CUST00352,58778.33,Home,23,6.4205
CUST00353,55456.09,Education,17,10.347
CUST00354,49994.33,Business,13,26.8906
CUST00355,60121.55,Business,27,9.2792
CUST00356,120715.12,Other,1,45.8254
CUST00357,23362.69,Education,2,16.6293
CUST00358,17594.69,Home,18,19.7911
CUST00359,67925.86,Education,36,28.4714
CUST00360,8049.06,Business,45,20.6892
CUST00361,61280.63,Home,33,16.89
CUST00362,53186.04,Home,36,46.6055
CUST00363,5561.36,Home,2,34.6316
CUST00364,21827.6,Education,4,57.1461
CUST00365,128127.31,Other,16,74.7843
CUST00366,11319.24,Business,4,32.4061
CUST00367,43048.1,Other,9,42.3649
CUST00368,16253.7,Home,49,23.953
CUST00369,20595.81,Other,21,37.7297
CUST00370,168224.56,Business,23,44.3087
CUST00371,40084.92,Car,2,15.4717
CUST00372,54916.03,Other,3,14.7564
CUST00373,33190.81,Car,23,8.2389
CUST00374,10806.39,Other,26,29.5048
CUST00375,14073.68,Other,47,18.3375
CUST00376,93222.49,Business,7,42.0645
CUST00377,41040.46,Education,36,68.3516
CUST00378,19609.5,Home,44,27.3651
CUST00379,35680.46,Education,33,5.8657
CUST00380,61653.07,Car,49,45.2184
CUST00381,52239.34,Business,36,24.4598
CUST00382,19617.33,Business,4,19.7056
CUST00383,10298.54,Other,23,17.6214
CUST00384,26222.23,Home,25,7.0534
CUST00385,88189.12,Business,41,45.0931
CUST00386,71933.8,Other,26,55.849
CUST00387,50429.05,Business,28,34.4392
CUST00388,31675.4,Home,28,35.9098
CUST00389,24019.05,Home,21,6.7709
CUST00390,32149.02,Home,10,9.5129
CUST00391,67874.61,Education,27,37.8185
CUST00392,81483.23,Education,15,9.9564
CUST00393,29453.58,Other,17,43.236
CUST00394,276228.87,Car,39,50.5158
CUST00395,39101.77,Car,35,49.0202
CUST00396,27513.6,Education,5,23.0783
CUST00397,118247.55,Business,16,47.2242
CUST00398,7110.75,Other,23,51.5678
CUST00399,53317.88,Business,39,23.0143
CUST00400,34260.94,Car,48,9.5398
CUST00401,484996.42,Education,9,47.213
CUST00402,58920.17,Other,33,18.6563
CUST00403,40590.19,Education,35,22.706
CUST00404,61704.19,Home,40,43.6983
CUST00405,15607.93,Home,24,48.6674
CUST00406,78704.52,Home,24,15.8335
CUST00407,12386.12,Business,24,44.8396
CUST00408,48377.88,Home,19,40.2564
CUST00409,37365.07,Home,39,27.8151
CUST00410,8862.25,Car,25,19.5603
CUST00411,38374.7,Education,31,23.8172
CUST00412,45505.54,Car,38,34.8013
CUST00413,21506.26,Business,25,17.6551
CUST00414,16156.25,Home,27,43.038
CUST00415,53838.38,Home,32,57.8338
CUST00416,48525.85,Education,11,8.5898
CUST00417,43540.87,Car,5,13.6125
CUST00418,36573.29,Car,44,20.4976
CUST00419,23080.64,Home,33,13.822
CUST00420,223629.33,Other,19,33.2192
CUST00421,28604.96,Business,43,34.3951
CUST00422,18176.94,Home,47,24.0964
CUST00423,37931.68,Home,16,18.1135
CUST00424,31421.48,Other,35,22.7152
CUST00425,28079.35,Business,11,15.3854
CUST00426,162660.56,Car,11,67.7395
CUST00427,14708.81,Business,10,24.181
CUST00428,37419.59,Business,34,31.6592
CUST00429,15519.64,Business,5,58.3901
CUST00430,23557.04,Education,23,11.2443
CUST00431,145639.95,Car,25,16.7926
CUST00432,45485.83,Home,29,10.0726
CUST00433,45048.57,Other,40,45.1785
CUST00434,17127.06,Education,13,32.4228
CUST00435,25856.12,Home,47,5.5545
CUST00436,156138.27,Other,32,39.5742
CUST00437,54148.73,Other,34,14.8014
CUST00438,27673.43,Other,12,44.8943
CUST00439,51662.41,Other,24,34.3813
CUST00440,44987.1,Other,40,28.9642
CUST00441,18554.14,Home,21,42.1693
CUST00442,27036.78,Business,29,24.9094
CUST00443,220494.69,Business,23,4.3809
CUST00444,49692.14,Home,33,36.5672
CUST00445,10350.25,Home,8,4.0706
CUST00446,54620.69,Other,42,50.3358
CUST00447,102998.59,Car,13,16.7771
CUST00448,17614.85,Other,5,29.6788
CUST00449,25198.16,Home,41,41.6303
CUST00450,116194.03,Home,10,22.515
CUST00451,37344.09,Education,14,1.2382
CUST00452,32392.99,Home,24,20.8967
CUST00453,12470.9,Business,11,13.3287
CUST00454,85515.51,Education,46,28.7699
CUST00455,31232.82,Home,3,22.63
CUST00456,6394.63,Home,29,19.4687
CUST00457,10320.53,Car,48,23.4236
CUST00458,23172.82,Home,30,35.8092
CUST00459,15393.89,Business,49,28.2093
CUST00460,17452.37,Car,37,19.1028
CUST00461,236981.16,Home,7,55.4018
CUST00462,63960.34,Education,17,12.0909
CUST00463,4619.88,Home,20,73.9012
CUST00464,28241.35,Home,11,20.6824
CUST00465,33806.4,Home,44,56.1996
CUST00466,11141.73,Other,25,29.3023
CUST00467,55687.39,Other,24,6.5585
CUST00468,7093.18,Business,2,45.2606
CUST00469,462278.28,Car,27,20.5132
CUST00470,115061.72,Car,19,66.1317
CUST00471,238486.52,Education,29,55.2452
CUST00472,10306.57,Business,37,30.3764
CUST00473,12128.12,Other,11,9.3807
CUST00474,63204.93,Home,19,27.111
CUST00475,93539.96,Home,28,10.0183
CUST00476,69366.69,Business,39,28.6297
CUST00477,86143.83,Business,21,64.2082
CUST00478,109257.4,Business,26,12.6757
CUST00479,42693.43,Business,22,16.9857
CUST00480,30636.89,Other,6,52.6018
CUST00481,12154.54,Education,11,25.4251
CUST00482,28610.12,Other,14,25.6233
CUST00483,32340.94,Other,36,23.7995
CUST00484,16987.83,Business,40,16.2325
CUST00485,35221.81,Car,41,29.8459
CUST00486,15523.29,Home,2,17.9202
CUST00487,88491.86,Education,43,7.862
CUST00488,51055.04,Education,20,34.7935
CUST00489,25142.55,Other,22,32.5545
CUST00490,42237.87,Home,39,28.4498
CUST00491,15001.84,Car,4,25.5697
CUST00492,16269.47,Business,29,26.6339
CUST00493,21870.99,Home,46,47.4229
CUST00494,31146.51,Car,24,6.5284
CUST00495,40658.43,Car,1,7.1461
CUST00496,40787.26,Education,24,66.2334
CUST00497,12644.5,Home,30,70.5606
CUST00498,34044.27,Other,12,30.2565
CUST00499,18874.29,Car,19,48.8509
CUST00500,2375.18,Other,37,19.8376
CUST00501,425265.27,Education,40,53.0738
CUST00502,19169.57,Car,43,10.7629
CUST00503,20039.85,Home,4,28.7687
CUST00504,12367.79,Home,15,19.682
CUST00505,15584.09,Education,20,1.9409
CUST00506,31227.74,Home,44,8.3965
CUST00507,107092.76,Car,20,21.0761
CUST00508,31086.26,Education,21,21.6722
CUST00509,28033.35,Car,10,28.4512
CUST00510,94865.86,Home,30,51.5047
CUST00511,23872.51,Business,24,15.0829
CUST00512,36935.17,Other,48,20.581
CUST00513,17374.24,Home,40,36.4501
CUST00514,139819.39,Home,40,22.497
CUST00515,84019.84,Other,38,31.3867
CUST00516,32132.08,Home,3,24.029
CUST00517,26382.21,Other,29,54.2648
CUST00518,35402.17,Home,8,40.7786
CUST00519,32509.7,Other,29,40.3054
CUST00520,10535.91,Car,10,7.6552
CUST00521,86347.4,Other,5,15.4473
CUST00522,30281.43,Car,11,51.0604
CUST00523,165822.35,Business,4,31.3531
CUST00524,50891.57,Home,49,31.7716
CUST00525,4832.56,Home,35,10.9645
CUST00526,13025.98,Business,40,6.1839
CUST00527,6523.43,Education,12,68.7087
CUST00528,12897.15,Other,21,23.6217
CUST00529,9829.26,Car,16,57.565
CUST00530,44447.06,Other,14,57.2913
CUST00531,28201.54,Car,21,30.0452
CUST00532,65672.26,Other,48,9.2457
CUST00533,35225.32,Other,27,18.5461
CUST00534,29964.02,Car,36,47.4387
CUST00535,180333.93,Other,1,18.7959
CUST00536,43401.88,Business,1,63.7125
CUST00537,34050.19,Home,22,7.8321
CUST00538,18347.48,Education,15,55.4206
CUST00539,14175.48,Home,20,23.3227
CUST00540,67265.37,Business,3,33.3437
CUST00541,64122.9,Home,14,39.2706
CUST00542,127677.52,Home,9,31.5184
CUST00543,53270.04,Car,19,10.5165
CUST00544,26516.37,Education,40,43.9527
CUST00545,54655.67,Other,34,45.6203
CUST00546,173548.29,Other,4,33.1155
CUST00547,72570.09,Car,33,7.3245
CUST00548,105605.47,Home,43,29.814
CUST00549,31734.35,Business,37,19.7487
CUST00550,148130.32,Education,2,9.0703
CUST00551,93965.02,Car,27,16.6657
CUST00552,36832.93,Car,45,57.6608
CUST00553,62105.8,Education,17,29.6215
CUST00554,46369.51,Car,49,37.8774
CUST00555,36960.14,Business,31,35.8134
CUST00556,167797.98,Education,41,23.3801
CUST00557,54944.76,Other,6,15.7956
CUST00558,18531.46,Education,31,21.2236
CUST00559,15956.54,Home,3,38.358
CUST00560,16486.92,Other,40,62.8048
CUST00561,53723.38,Education,3,8.535
CUST00562,27633.64,Home,33,16.7143
CUST00563,47412.21,Education,13,32.7991
CUST00564,76812.07,Car,21,28.1033
CUST00565,184051.49,Business,37,48.9625
CUST00566,28147.71,Education,16,30.4965
CUST00567,11768.24,Business,21,40.7335
CUST00568,152347.85,Home,48,49.5834
CUST00569,11319.92,Car,44,35.3893
CUST00570,10969.31,Other,13,44.6031
CUST00571,149217.49,Business,4,59.375
CUST00572,85219.47,Home,31,20.3674
CUST00573,53523.3,Car,9,39.4003
CUST00574,34893.76,Car,48,5.8217
CUST00575,29990.53,Business,33,16.5365
CUST00576,21576.05,Business,37,43.0783
CUST00577,28956.95,Business,37,50.969
CUST00578,34963.77,Education,24,10.7551
CUST00579,12093.7,Business,25,30.9615
CUST00580,18841.5,Car,41,72.9433
CUST00581,6704.04,Home,29,42.2442
CUST00582,38651.54,Education,40,5.9311
CUST00583,38656.92,Other,47,41.9772
CUST00584,150664.73,Business,36,11.4572
CUST00585,49042.57,Education,15,26.3118
CUST00586,23275.73,Education,45,17.8023
CUST00587,30937.24,Other,18,11.7128
CUST00588,430608.43,Car,20,17.1872
CUST00589,43568.52,Car,5,22.8182
CUST00590,57677.86,Other,18,32.8283
CUST00591,49101.06,Other,40,30.8205
CUST00592,29669.79,Car,1,42.1735
CUST00593,23655.84,Education,19,38.7209
CUST00594,22659.86,Car,23,34.1981
CUST00595,17322.87,Home,26,5.0795
CUST00596,15280.07,Other,49,29.6373
CUST00597,158066.51,Car,29,13.8001
CUST00598,40125.53,Other,34,28.4459
CUST00599,32072.65,Home,19,9.876
CUST00600,24423.29,Education,48,39.881
CUST00601,51179.96,Home,18,53.6318
CUST00602,95123.48,Business,2,8.9699
CUST00603,64770.89,Education,27,31.5715
CUST00604,75907.54,Education,6,41.5143
CUST00605,22714.91,Home,39,34.516
CUST00606,36195.74,Home,6,8.9244
CUST00607,22955.15,Home,6,20.0732
CUST00608,39562.03,Car,31,20.237
CUST00609,100516.06,Education,41,43.4713
CUST00610,51612.7,Education,40,29.6329
CUST00611,133435.23,Education,30,39.1938
CUST00612,28830.27,Education,21,36.2638
CUST00613,19042.55,Car,41,28.8498
CUST00614,54704.58,Home,44,22.6629
CUST00615,39938.13,Home,18,15.8598
CUST00616,47012.17,Business,23,8.1086
CUST00617,41713.33,Education,38,7.2548
CUST00618,24648.04,Home,23,28.0955
CUST00619,42471.51,Home,28,47.7525
CUST00620,79118.06,Other,36,30.5929
CUST00621,85895.45,Business,25,36.4908
CUST00622,24548.03,Business,7,29.1793
CUST00623,43686.95,Car,18,4.1098
CUST00624,118384.0,Car,20,28.582
CUST00625,24976.42,Other,5,31.5375
CUST00626,21599.88,Business,18,51.6489
CUST00627,68563.96,Car,42,59.2123
CUST00628,59585.49,Business,40,25.8757
CUST00629,18590.74,Business,33,47.0225
CUST00630,11854.13,Car,15,44.8273
CUST00631,43012.45,Car,35,15.3044
CUST00632,25981.04,Home,47,9.9417
CUST00633,9440.26,Home,46,24.2041
CUST00634,20957.21,Business,1,19.5034
CUST00635,58811.22,Car,21,34.1935
CUST00636,32172.63,Business,8,41.4676
CUST00637,127119.55,Other,7,21.9927
CUST00638,6837.72,Home,41,33.5755
CUST00639,105915.18,Education,44,17.5521
CUST00640,27580.86,Business,40,13.3738
CUST00641,24569.54,Business,40,8.2565
CUST00642,10499.1,Business,30,4.4718
CUST00643,52683.92,Car,38,8.0858
CUST00644,8421.9,Education,35,22.9071
CUST00645,69865.2,Education,2,17.9649
CUST00646,10821.7,Other,46,18.7095
CUST00647,12276.42,Car,8,62.1586
CUST00648,14003.02,Other,38,54.443
CUST00649,20480.74,Car,4,36.4709
CUST00650,77161.87,Other,37,26.2971
CUST00651,120953.96,Business,21,20.7954
CUST00652,22246.17,Education,13,46.88
CUST00653,34987.62,Education,9,46.9576
CUST00654,53741.13,Car,45,28.1324
CUST00655,27904.69,Car,29,17.2481
CUST00656,52083.64,Home,41,28.1209
CUST00657,36197.18,Home,24,19.1369
CUST00658,29650.44,Car,16,8.2473
CUST00659,11662.66,Business,12,42.4135
CUST00660,40914.29,Education,2,28.912
CUST00661,78174.64,Home,19,8.435
CUST00662,19484.56,Other,30,38.6914
CUST00663,7520.47,Education,16,6.2331
CUST00664,231112.82,Other,24,11.9155
CUST00665,121517.86,Business,13,43.3883
CUST00666,95756.13,Home,5,25.7316
CUST00667,22825.42,Education,23,35.5436
CUST00668,52282.24,Education,38,36.8007
CUST00669,59328.0,Home,31,56.9477
CUST00670,119643.35,Home,17,35.0412
CUST00671,56998.02,Home,49,3.6969
CUST00672,15443.41,Car,49,39.5416
CUST00673,7274.98,Car,3,31.8129
CUST00674,21105.16,Education,26,39.4623
CUST00675,85224.52,Home,13,8.3265
CUST00676,23207.36,Business,44,17.8175
CUST00677,12752.07,Education,38,38.219
CUST00678,43534.51,Car,22,19.6544
CUST00679,44439.99,Home,21,67.6321
CUST00680,16096.55,Home,29,39.6965
CUST00681,24225.55,Car,45,12.6303
CUST00682,40964.5,Home,46,19.8367
CUST00683,65959.04,Car,39,27.5679
CUST00684,21609.8,Education,5,26.3536
CUST00685,19256.79,Education,14,20.942
CUST00686,167718.75,Home,18,37.9035
CUST00687,275056.33,Car,4,44.726
CUST00688,44335.79,Education,33,34.8672
CUST00689,61003.83,Other,39,32.4633
CUST00690,8694.89,Business,20,21.4003
CUST00691,35781.22,Education,13,7.6194
CUST00692,9734.46,Car,36,9.1465
CUST00693,32708.1,Car,45,26.8359
CUST00694,108934.18,Other,4,47.0948
CUST00695,16337.61,Home,35,47.7665
CUST00696,9574.56,Other,8,26.5112
CUST00697,164414.94,Business,40,16.947
CUST00698,14506.53,Business,49,60.0134
CUST00699,10950.46,Home,47,27.5732
CUST00700,132617.62,Education,36,14.0037
CUST00701,14056.27,Education,6,43.6048
CUST00702,649936.31,Home,22,19.0471
CUST00703,45219.0,Car,6,31.3441
CUST00704,101434.21,Other,42,6.6359
CUST00705,42144.23,Education,36,18.6114
CUST00706,86142.82,Car,9,46.1777
CUST00707,17417.68,Home,16,14.184
CUST00708,22228.22,Business,39,9.1984
CUST00709,6684.79,Business,46,39.8986
CUST00710,79017.54,Education,38,51.3167
CUST00711,50800.2,Education,33,25.0563
CUST00712,16222.27,Car,18,14.3561
CUST00713,8963.16,Education,12,34.546
CUST00714,45499.22,Home,27,12.6805
CUST00715,138796.43,Other,47,16.8756
CUST00716,32520.67,Education,1,52.8245
CUST00717,21444.92,Car,15,43.5089
CUST00718,17160.07,Car,47,46.8026
CUST00719,98664.35,Business,27,24.2262
CUST00720,19469.45,Home,16,51.2543
CUST00721,26985.55,Car,21,11.4126
CUST00722,83565.66,Business,1,25.6594
CUST00723,60475.0,Car,29,23.6909
CUST00724,27824.51,Business,3,4.8279
CUST00725,20760.73,Home,12,29.305
CUST00726,117296.79,Business,28,14.338
CUST00727,14867.07,Home,39,45.7489
CUST00728,30692.45,Home,37,34.3003
CUST00729,10886.72,Other,31,49.3953
CUST00730,94004.11,Education,31,50.5089
CUST00731,149474.57,Car,33,41.167
CUST00732,20749.96,Home,33,14.2786
CUST00733,61656.26,Education,47,29.5318
CUST00734,11609.6,Education,40,17.6519
CUST00735,60373.47,Other,11,15.2779
CUST00736,27216.15,Other,46,10.7836
CUST00737,13846.12,Education,29,25.8657
CUST00738,16445.21,Car,25,16.3281
CUST00739,21007.61,Education,13,34.592
CUST00740,25457.48,Business,44,40.9891
CUST00741,13921.35,Home,19,5.5892
CUST00742,45963.96,Car,36,23.9649
CUST00743,13632.64,Home,28,8.6005
CUST00744,5474.75,Home,4,48.6141
CUST00745,168669.37,Home,3,50.418
CUST00746,42546.04,Education,38,18.9051
CUST00747,181242.88,Business,37,13.7037
CUST00748,15757.51,Education,43,48.7505
CUST00749,53307.68,Car,25,60.586
CUST00750,74286.68,Home,41,27.0557
CUST00751,31210.91,Education,35,10.5784
CUST00752,11435.07,Car,29,13.0516
CUST00753,29390.16,Education,41,16.63
CUST00754,59941.09,Other,29,25.0705
CUST00755,58138.09,Home,12,28.8372
CUST00756,36268.22,Home,35,38.9893
CUST00757,74446.08,Education,20,7.4133
CUST00758,581974.24,Other,17,25.2497
CUST00759,23886.43,Business,12,7.7249
CUST00760,10760.79,Other,36,10.0358
CUST00761,42291.74,Car,10,31.0611
CUST00762,19984.05,Other,18,21.8932
CUST00763,40741.35,Home,30,21.0832
CUST00764,106555.78,Home,8,30.0859
CUST00765,51533.82,Other,41,35.5591
CUST00766,102437.13,Other,13,17.3133
CUST00767,16168.43,Home,31,19.4368
CUST00768,86678.8,Home,6,36.6008
CUST00769,138867.89,Home,7,30.6923
CUST00770,38233.13,Home,21,62.0691
CUST00771,232731.97,Home,38,20.6584
CUST00772,18289.0,Other,43,47.5014
CUST00773,21784.04,Business,49,40.3474
CUST00774,61080.53,Business,28,32.6062
CUST00775,37932.84,Business,44,38.6549
CUST00776,20043.78,Education,21,53.677
CUST00777,59592.4,Business,21,7.3207
CUST00778,48263.61,Education,24,2.4741
CUST00779,22719.5,Car,27,12.5698
CUST00780,42245.0,Education,27,14.2126
CUST00781,66650.67,Education,13,43.1613
CUST00782,22319.88,Business,29,33.3058
CUST00783,54918.01,Other,39,37.5776
CUST00784,18148.9,Car,28,23.0637
CUST00785,21182.71,Business,37,18.5064
CUST00786,88368.41,Home,29,27.2703
CUST00787,59337.52,Business,48,16.5101
CUST00788,8026.71,Car,22,37.3786
CUST00789,26919.88,Home,36,37.103
CUST00790,53731.65,Car,30,21.8824
CUST00791,40582.51,Education,28,20.3047
CUST00792,59549.51,Home,23,9.5141
CUST00793,39846.32,Other,33,21.5461
CUST00794,32660.51,Home,4,47.556
CUST00795,31871.59,Other,3,46.9554
CUST00796,86937.39,Business,32,20.5618
CUST00797,63319.69,Car,4,4.0762
CUST00798,50201.24,Car,1,33.2495
CUST00799,38990.23,Business,12,15.5265
CUST00800,23410.62,Education,13,44.058
CUST00801,28412.86,Business,34,31.7597
CUST00802,85113.16,Car,29,54.4375
CUST00803,78936.74,Education,9,36.2087
CUST00804,21614.98,Other,31,27.7255
CUST00805,39337.59,Home,7,10.9601
CUST00806,54109.98,Car,13,20.0749
CUST00807,51356.54,Car,2,37.5028
CUST00808,51041.08,Business,33,36.6438
CUST00809,14918.24,Business,7,22.5815
CUST00810,14225.8,Car,18,16.7471
CUST00811,92610.31,Home,8,56.0007
CUST00812,121445.41,Home,12,6.0894
CUST00813,11100.92,Car,43,9.1903
CUST00814,35517.89,Car,30,22.4223
CUST00815,69650.19,Other,9,67.8912
CUST00816,6229.04,Education,28,40.6593
CUST00817,15387.79,Car,4,38.8812
CUST00818,33733.35,Other,39,41.1941
CUST00819,22521.13,Education,17,72.6513
CUST00820,42929.51,Education,11,35.0651
CUST00821,117757.84,Home,2,9.309
CUST00822,18356.92,Car,23,49.3946
CUST00823,37805.82,Other,22,8.8831
CUST00824,27561.17,Education,26,7.0493
CUST00825,40501.42,Car,12,35.3407
CUST00826,36484.4,Education,32,9.2592
CUST00827,299466.72,Other,9,14.7714
CUST00828,119570.56,Car,43,59.2929
CUST00829,10252.24,Education,5,40.8857
CUST00830,17674.75,Other,26,4.5547
CUST00831,19491.12,Home,7,14.2681
CUST00832,13528.85,Business,29,26.6786
CUST00833,12152.74,Education,33,14.1006
CUST00834,31486.27,Business,24,34.1228
CUST00835,20095.48,Car,25,28.8599
CUST00836,17807.32,Car,31,26.9526
CUST00837,182842.28,Business,29,34.4989
CUST00838,21232.7,Home,5,16.4515
CUST00839,25475.33,Car,38,19.4069
CUST00840,65720.43,Home,45,33.2112
CUST00841,25406.93,Home,11,73.4402
CUST00842,14292.09,Other,32,47.0214
CUST00843,29544.36,Car,8,32.6932
CUST00844,181132.98,Other,20,17.4193
CUST00845,24707.11,Home,34,41.2134
CUST00846,17511.04,Education,47,14.7816
CUST00847,50827.06,Home,42,9.4118
CUST00848,28431.94,Business,8,7.0279
CUST00849,324874.85,Business,2,31.4752
CUST00850,86828.92,Home,21,64.4109
CUST00851,145362.31,Other,15,25.3626
CUST00852,92107.5,Home,6,20.8726
CUST00853,26766.97,Education,5,33.8721
CUST00854,36213.52,Other,3,15.9577
CUST00855,15932.18,Other,43,7.1832
CUST00856,23605.78,Other,43,7.1639
CUST00857,26615.35,Car,16,26.2511
CUST00858,41203.68,Home,35,63.4385
CUST00859,11729.42,Home,9,27.5661
CUST00860,46592.17,Education,35,17.9034
CUST00861,32315.6,Business,19,38.166
CUST00862,49935.44,Home,43,10.8403
CUST00863,56265.98,Business,46,47.7877
CUST00864,30310.57,Car,34,38.3214
CUST00865,53667.25,Car,39,33.7697
CUST00866,33869.12,Business,10,40.6891
CUST00867,65826.54,Education,10,17.3773
CUST00868,46765.48,Business,20,22.9191
CUST00869,41975.16,Home,1,20.6819
CUST00870,33457.9,Business,6,52.6988
CUST00871,102401.1,Home,46,33.056
CUST00872,50218.97,Home,2,16.4468
CUST00873,12617.37,Business,38,4.726
CUST00874,24895.43,Other,33,23.137
CUST00875,30246.39,Car,3,36.2228
CUST00876,36282.89,Car,36,39.6491
CUST00877,41829.87,Education,13,36.7544
CUST00878,17062.3,Home,35,32.7768
CUST00879,34392.77,Business,15,29.7263
CUST00880,28245.88,Business,45,34.3532
CUST00881,456172.79,Home,22,25.1317
CUST00882,16381.98,Education,43,44.6534
CUST00883,35814.11,Business,4,12.8721
CUST00884,20987.7,Car,17,12.4341
CUST00885,161199.29,Education,5,16.7144
CUST00886,907596.96,Home,21,29.5557
CUST00887,9760.64,Education,24,15.9121
CUST00888,19206.98,Home,31,41.6897
CUST00889,72892.33,Business,40,6.0622
CUST00890,52356.24,Car,30,46.5509
CUST00891,51059.42,Car,42,35.3502
CUST00892,42305.91,Business,7,53.5168
CUST00893,77727.15,Home,49,40.3696
CUST00894,67831.45,Car,7,17.0912
CUST00895,28783.43,Car,27,23.5563
CUST00896,13913.2,Car,24,21.9612
CUST00897,9395.14,Other,19,43.4553
CUST00898,33425.99,Business,41,32.3689
CUST00899,8333.83,Home,34,3.6195
CUST00900,44391.24,Business,22,9.432
CUST00901,28383.83,Education,27,28.7151
CUST00902,171979.2,Other,6,44.7905
CUST00903,47786.74,Car,10,46.651
CUST00904,35476.29,Education,45,33.6475
CUST00905,9967.29,Education,31,43.1984
CUST00906,13228.69,Education,25,56.9025
CUST00907,62635.24,Education,2,42.8913
CUST00908,28269.05,Home,10,44.4729
CUST00909,276039.87,Business,10,32.178
CUST00910,33981.07,Education,26,5.8378
CUST00911,41570.16,Other,5,34.4468
CUST00912,83559.83,Car,22,47.3592
CUST00913,77493.18,Business,4,8.0357
CUST00914,17316.64,Other,34,21.8181
CUST00915,55244.81,Business,7,6.0798
CUST00916,69524.51,Other,17,29.1475
CUST00917,304218.54,Business,11,39.225
CUST00918,148090.19,Car,8,27.6079
CUST00919,22279.84,Education,28,24.3968
CUST00920,138750.44,Home,44,5.8647
CUST00921,13137.73,Education,33,18.6488
CUST00922,68818.15,Home,25,50.3612
CUST00923,32405.04,Business,21,46.2144
CUST00924,20609.22,Education,12,30.0023
CUST00925,9614.01,Car,26,2.1873
CUST00926,29479.92,Car,29,55.7419
CUST00927,28027.68,Other,38,34.9601
CUST00928,41702.86,Home,35,18.1162
CUST00929,64851.28,Home,37,21.1191
CUST00930,19019.63,Home,46,36.2625
CUST00931,148243.9,Other,44,27.4929
CUST00932,23604.02,Other,45,30.2127
CUST00933,58791.65,Business,45,4.9667
CUST00934,39031.88,Other,29,17.0411
CUST00935,30977.99,Home,49,14.2868
CUST00936,287205.97,Other,24,3.264
CUST00937,17116.02,Home,15,14.2122
CUST00938,26634.09,Home,6,19.9609
CUST00939,12434.07,Home,32,10.2216
CUST00940,23402.16,Education,44,17.2626
CUST00941,25000.88,Business,34,45.5301
CUST00942,71408.85,Car,36,66.2874
CUST00943,27846.42,Other,20,5.3403
CUST00944,25375.38,Car,12,26.5522
CUST00945,43305.38,Home,35,40.2731
CUST00946,41968.81,Education,49,46.1973
CUST00947,22633.07,Business,38,45.4072
CUST00948,49780.7,Business,17,53.3263
CUST00949,31479.2,Education,27,26.3629
CUST00950,22603.71,Education,17,55.2475
CUST00951,24431.22,Car,11,10.0614
CUST00952,77612.25,Education,39,18.2309
CUST00953,25025.68,Other,2,17.4275
CUST00954,44752.4,Home,2,11.5662
CUST00955,13017.89,Other,29,14.0485
CUST00956,88631.62,Education,45,4.4331
CUST00957,22779.23,Car,24,7.882
CUST00958,50022.67,Other,24,49.2459
CUST00959,29695.34,Education,16,27.2656
CUST00960,49566.34,Car,31,45.4004
CUST00961,51779.63,Home,49,25.3968
CUST00962,32346.77,Home,43,10.6299
CUST00963,8161.87,Business,9,33.8838
CUST00964,86925.97,Education,27,10.694
CUST00965,32470.19,Other,41,54.3617
CUST00966,48747.29,Home,14,51.655
CUST00967,63156.75,Home,45,24.3836
CUST00968,25191.47,Home,25,7.4139
CUST00969,54924.15,Education,43,32.3467
CUST00970,19968.64,Other,44,8.065
CUST00971,49515.17,Business,22,29.8986
CUST00972,36892.45,Car,35,39.0153
CUST00973,25900.15,Other,33,23.1522
CUST00974,37706.72,Business,27,33.5975
CUST00975,15612.78,Home,40,51.4489
CUST00976,46501.13,Business,26,12.985
CUST00977,50526.72,Car,19,12.5197
CUST00978,47882.82,Home,45,31.0141
CUST00979,120781.29,Home,39,61.5191
CUST00980,33658.5,Education,45,19.493
CUST00981,35564.45,Car,26,19.8602
CUST00982,14239.63,Car,6,57.4587
CUST00983,127768.54,Home,3,23.6489
CUST00984,10954.28,Business,6,20.3045
CUST00985,43601.68,Other,28,4.4933
CUST00986,22207.27,Business,3,23.5059
CUST00987,381388.63,Car,13,14.5797
CUST00988,12753.39,Home,13,14.3394
CUST00989,74111.85,Home,13,23.3523
CUST00990,16913.31,Home,1,23.6161
CUST00991,92318.75,Education,40,8.8122
CUST00992,17290.49,Education,37,28.0376
CUST00993,79234.73,Business,31,16.3877
CUST00994,18680.36,Business,17,40.4462
CUST00995,22210.32,Car,9,31.8956
CUST00996,36261.91,Car,45,13.0978
CUST00997,18428.59,Business,13,41.5562
CUST00998,17999.5,Car,37,16.3216
CUST00999,18600.19,Home,14,37.7159
CUST01000,46867.72,Car,11,23.0542
